test,model,position,loss
random,BDH,1,10.990349769592285
random,Transformer,1,17.239391326904297
random,BDH,2,15.872926712036133
random,Transformer,2,16.47502899169922
random,BDH,3,16.53675079345703
random,Transformer,3,16.526830673217773
random,BDH,4,16.278667449951172
random,Transformer,4,16.386646270751953
random,BDH,5,16.443973541259766
random,Transformer,5,16.283151626586914
random,BDH,6,15.856350898742676
random,Transformer,6,15.63199234008789
random,BDH,7,15.269561767578125
random,Transformer,7,15.598579406738281
random,BDH,8,15.977587699890137
random,Transformer,8,15.875166893005371
random,BDH,9,15.619787216186523
random,Transformer,9,15.935586929321289
random,BDH,10,15.72290325164795
random,Transformer,10,15.733844757080078
random,BDH,11,15.593208312988281
random,Transformer,11,16.05950164794922
random,BDH,12,15.530088424682617
random,Transformer,12,15.605550765991211
random,BDH,13,14.908310890197754
random,Transformer,13,14.887105941772461
random,BDH,14,16.13022232055664
random,Transformer,14,15.60717487335205
random,BDH,15,14.974128723144531
random,Transformer,15,14.96066951751709
random,BDH,16,15.468259811401367
random,Transformer,16,14.84244441986084
random,BDH,17,15.272379875183105
random,Transformer,17,15.130362510681152
random,BDH,18,15.243705749511719
random,Transformer,18,14.955984115600586
random,BDH,19,15.583684921264648
random,Transformer,19,15.011894226074219
random,BDH,20,15.019712448120117
random,Transformer,20,14.49260139465332
random,BDH,21,15.077080726623535
random,Transformer,21,14.543512344360352
random,BDH,22,15.36082649230957
random,Transformer,22,14.74929428100586
random,BDH,23,15.319727897644043
random,Transformer,23,15.14906120300293
random,BDH,24,15.199185371398926
random,Transformer,24,14.892377853393555
random,BDH,25,14.906576156616211
random,Transformer,25,14.782808303833008
random,BDH,26,14.77109146118164
random,Transformer,26,14.971599578857422
random,BDH,27,14.807476043701172
random,Transformer,27,14.709840774536133
random,BDH,28,14.486785888671875
random,Transformer,28,14.622775077819824
random,BDH,29,15.250886917114258
random,Transformer,29,14.746389389038086
random,BDH,30,14.89396858215332
random,Transformer,30,14.401100158691406
random,BDH,31,15.00883674621582
random,Transformer,31,14.30180549621582
random,BDH,32,15.644332885742188
random,Transformer,32,14.990592956542969
random,BDH,33,14.715750694274902
random,Transformer,33,14.602193832397461
random,BDH,34,15.117905616760254
random,Transformer,34,14.663492202758789
random,BDH,35,14.721744537353516
random,Transformer,35,14.60209846496582
random,BDH,36,14.926895141601562
random,Transformer,36,14.452775955200195
random,BDH,37,14.615242004394531
random,Transformer,37,13.800655364990234
random,BDH,38,15.314441680908203
random,Transformer,38,14.669557571411133
random,BDH,39,15.106634140014648
random,Transformer,39,14.297962188720703
random,BDH,40,15.089263916015625
random,Transformer,40,14.2069091796875
random,BDH,41,14.100791931152344
random,Transformer,41,14.413004875183105
random,BDH,42,15.16700267791748
random,Transformer,42,14.329584121704102
random,BDH,43,15.145472526550293
random,Transformer,43,14.207603454589844
random,BDH,44,14.50634479522705
random,Transformer,44,14.340097427368164
random,BDH,45,15.255311965942383
random,Transformer,45,14.587080001831055
random,BDH,46,14.957254409790039
random,Transformer,46,14.456751823425293
random,BDH,47,13.725692749023438
random,Transformer,47,13.860153198242188
random,BDH,48,15.235396385192871
random,Transformer,48,14.470802307128906
random,BDH,49,15.246880531311035
random,Transformer,49,14.685458183288574
random,BDH,50,14.55341911315918
random,Transformer,50,14.390741348266602
random,BDH,51,15.058345794677734
random,Transformer,51,13.957426071166992
random,BDH,52,14.758533477783203
random,Transformer,52,13.891786575317383
random,BDH,53,14.751274108886719
random,Transformer,53,14.487897872924805
random,BDH,54,15.195280075073242
random,Transformer,54,14.464035034179688
random,BDH,55,14.506162643432617
random,Transformer,55,14.204750061035156
random,BDH,56,14.652841567993164
random,Transformer,56,14.474471092224121
random,BDH,57,14.593181610107422
random,Transformer,57,14.040395736694336
random,BDH,58,14.509740829467773
random,Transformer,58,14.045846939086914
random,BDH,59,14.173262596130371
random,Transformer,59,14.401599884033203
random,BDH,60,14.888267517089844
random,Transformer,60,14.326379776000977
random,BDH,61,14.46037483215332
random,Transformer,61,14.244503021240234
random,BDH,62,13.691173553466797
random,Transformer,62,13.569557189941406
random,BDH,63,15.289458274841309
random,Transformer,63,14.293066024780273
random,BDH,64,15.096264839172363
random,Transformer,64,14.534017562866211
random,BDH,65,14.455194473266602
random,Transformer,65,14.070767402648926
random,BDH,66,15.054039001464844
random,Transformer,66,14.608709335327148
random,BDH,67,15.302806854248047
random,Transformer,67,14.601396560668945
random,BDH,68,14.52755355834961
random,Transformer,68,13.79878044128418
random,BDH,69,14.363945007324219
random,Transformer,69,13.728448867797852
random,BDH,70,14.165961265563965
random,Transformer,70,14.22514533996582
random,BDH,71,14.535024642944336
random,Transformer,71,14.101421356201172
random,BDH,72,14.755622863769531
random,Transformer,72,14.089178085327148
random,BDH,73,15.278623580932617
random,Transformer,73,14.656671524047852
random,BDH,74,15.174636840820312
random,Transformer,74,14.661285400390625
random,BDH,75,14.21725845336914
random,Transformer,75,14.031684875488281
random,BDH,76,14.97979736328125
random,Transformer,76,14.213409423828125
random,BDH,77,14.593372344970703
random,Transformer,77,14.588846206665039
random,BDH,78,14.76835823059082
random,Transformer,78,14.548892974853516
random,BDH,79,14.128921508789062
random,Transformer,79,13.772543907165527
random,BDH,80,14.80152702331543
random,Transformer,80,14.314048767089844
random,BDH,81,14.135576248168945
random,Transformer,81,13.692222595214844
random,BDH,82,14.586812973022461
random,Transformer,82,14.479841232299805
random,BDH,83,14.796159744262695
random,Transformer,83,14.476879119873047
random,BDH,84,14.677401542663574
random,Transformer,84,14.602733612060547
random,BDH,85,15.05046272277832
random,Transformer,85,14.618917465209961
random,BDH,86,14.533599853515625
random,Transformer,86,14.649158477783203
random,BDH,87,15.032817840576172
random,Transformer,87,14.699501991271973
random,BDH,88,14.597557067871094
random,Transformer,88,14.339263916015625
random,BDH,89,14.232536315917969
random,Transformer,89,13.923883438110352
random,BDH,90,14.746732711791992
random,Transformer,90,13.760766983032227
random,BDH,91,14.63868522644043
random,Transformer,91,14.357240676879883
random,BDH,92,14.567790985107422
random,Transformer,92,14.182952880859375
random,BDH,93,15.055231094360352
random,Transformer,93,14.204283714294434
random,BDH,94,14.42175579071045
random,Transformer,94,13.987792015075684
random,BDH,95,14.212493896484375
random,Transformer,95,14.083040237426758
random,BDH,96,15.026803970336914
random,Transformer,96,14.3922119140625
random,BDH,97,14.414828300476074
random,Transformer,97,13.903851509094238
random,BDH,98,14.553373336791992
random,Transformer,98,14.426815032958984
random,BDH,99,14.76559066772461
random,Transformer,99,14.656058311462402
random,BDH,100,14.794402122497559
random,Transformer,100,14.308076858520508
random,BDH,101,14.188343048095703
random,Transformer,101,14.521663665771484
random,BDH,102,15.370600700378418
random,Transformer,102,14.843311309814453
random,BDH,103,14.643658638000488
random,Transformer,103,14.189565658569336
random,BDH,104,14.855491638183594
random,Transformer,104,14.927888870239258
random,BDH,105,14.49390983581543
random,Transformer,105,14.352588653564453
random,BDH,106,15.088245391845703
random,Transformer,106,14.205489158630371
random,BDH,107,15.079816818237305
random,Transformer,107,14.996329307556152
random,BDH,108,14.865089416503906
random,Transformer,108,14.450063705444336
random,BDH,109,14.617751121520996
random,Transformer,109,14.059428215026855
random,BDH,110,14.772270202636719
random,Transformer,110,14.653514862060547
random,BDH,111,14.335004806518555
random,Transformer,111,13.610807418823242
random,BDH,112,14.64801025390625
random,Transformer,112,14.339332580566406
random,BDH,113,14.784048080444336
random,Transformer,113,14.373747825622559
random,BDH,114,14.096599578857422
random,Transformer,114,13.797386169433594
random,BDH,115,14.843009948730469
random,Transformer,115,14.746939659118652
random,BDH,116,14.955228805541992
random,Transformer,116,13.798820495605469
random,BDH,117,14.28282356262207
random,Transformer,117,14.001572608947754
random,BDH,118,14.872966766357422
random,Transformer,118,14.163300514221191
random,BDH,119,14.700377464294434
random,Transformer,119,14.586599349975586
random,BDH,120,14.648008346557617
random,Transformer,120,14.441801071166992
random,BDH,121,14.625702857971191
random,Transformer,121,14.283208847045898
random,BDH,122,14.493733406066895
random,Transformer,122,14.235240936279297
random,BDH,123,14.553287506103516
random,Transformer,123,14.47225284576416
random,BDH,124,15.099544525146484
random,Transformer,124,14.533320426940918
random,BDH,125,14.403178215026855
random,Transformer,125,14.08732795715332
random,BDH,126,14.531977653503418
random,Transformer,126,14.369640350341797
random,BDH,127,15.05109977722168
random,Transformer,127,14.298530578613281
random,BDH,128,14.504430770874023
random,Transformer,128,13.906679153442383
random,BDH,129,14.219035148620605
random,Transformer,129,13.923378944396973
random,BDH,130,14.400008201599121
random,Transformer,130,14.573701858520508
random,BDH,131,14.45407485961914
random,Transformer,131,13.960458755493164
random,BDH,132,14.901605606079102
random,Transformer,132,14.515588760375977
random,BDH,133,15.075054168701172
random,Transformer,133,14.308446884155273
random,BDH,134,14.095494270324707
random,Transformer,134,13.865882873535156
random,BDH,135,14.97358512878418
random,Transformer,135,14.211614608764648
random,BDH,136,14.445898056030273
random,Transformer,136,13.839031219482422
random,BDH,137,14.51081657409668
random,Transformer,137,14.107109069824219
random,BDH,138,14.788620948791504
random,Transformer,138,14.323892593383789
random,BDH,139,14.384761810302734
random,Transformer,139,14.206271171569824
random,BDH,140,14.90192985534668
random,Transformer,140,14.652551651000977
random,BDH,141,14.458691596984863
random,Transformer,141,14.269134521484375
random,BDH,142,14.879796981811523
random,Transformer,142,14.45062255859375
random,BDH,143,14.93980598449707
random,Transformer,143,14.315160751342773
random,BDH,144,14.847556114196777
random,Transformer,144,13.756439208984375
random,BDH,145,14.546052932739258
random,Transformer,145,13.989264488220215
random,BDH,146,14.957868576049805
random,Transformer,146,14.06624984741211
random,BDH,147,14.7791109085083
random,Transformer,147,13.946945190429688
random,BDH,148,14.699090957641602
random,Transformer,148,13.956037521362305
random,BDH,149,14.527751922607422
random,Transformer,149,13.737667083740234
random,BDH,150,14.474485397338867
random,Transformer,150,14.000568389892578
random,BDH,151,14.491259574890137
random,Transformer,151,13.699275970458984
random,BDH,152,14.207950592041016
random,Transformer,152,13.89305305480957
random,BDH,153,14.639314651489258
random,Transformer,153,14.318889617919922
random,BDH,154,14.242572784423828
random,Transformer,154,14.200848579406738
random,BDH,155,14.283496856689453
random,Transformer,155,13.716228485107422
random,BDH,156,14.66921329498291
random,Transformer,156,13.47473430633545
random,BDH,157,14.197951316833496
random,Transformer,157,13.38965892791748
random,BDH,158,14.551368713378906
random,Transformer,158,13.346811294555664
random,BDH,159,14.124068260192871
random,Transformer,159,13.629722595214844
random,BDH,160,14.315732955932617
random,Transformer,160,13.767969131469727
random,BDH,161,13.956721305847168
random,Transformer,161,13.666722297668457
random,BDH,162,14.227653503417969
random,Transformer,162,13.536890029907227
random,BDH,163,14.330699920654297
random,Transformer,163,13.62857437133789
random,BDH,164,14.368735313415527
random,Transformer,164,14.250761032104492
random,BDH,165,14.527931213378906
random,Transformer,165,14.034969329833984
random,BDH,166,14.964300155639648
random,Transformer,166,14.21577262878418
random,BDH,167,14.886665344238281
random,Transformer,167,14.036609649658203
random,BDH,168,15.076862335205078
random,Transformer,168,14.478676795959473
random,BDH,169,14.587432861328125
random,Transformer,169,13.89454460144043
random,BDH,170,14.520284652709961
random,Transformer,170,13.79189682006836
random,BDH,171,14.790107727050781
random,Transformer,171,14.090734481811523
random,BDH,172,14.729793548583984
random,Transformer,172,14.375273704528809
random,BDH,173,14.389206886291504
random,Transformer,173,13.415159225463867
random,BDH,174,14.654264450073242
random,Transformer,174,14.25193977355957
random,BDH,175,14.316217422485352
random,Transformer,175,13.947454452514648
random,BDH,176,14.732121467590332
random,Transformer,176,14.010602951049805
random,BDH,177,15.106473922729492
random,Transformer,177,13.70919418334961
random,BDH,178,14.237771034240723
random,Transformer,178,13.711246490478516
random,BDH,179,14.737625122070312
random,Transformer,179,13.96841049194336
random,BDH,180,14.519790649414062
random,Transformer,180,13.671306610107422
random,BDH,181,14.849377632141113
random,Transformer,181,14.225505828857422
random,BDH,182,14.545157432556152
random,Transformer,182,13.688508987426758
random,BDH,183,14.659513473510742
random,Transformer,183,13.666215896606445
random,BDH,184,14.676799774169922
random,Transformer,184,13.710441589355469
random,BDH,185,14.267589569091797
random,Transformer,185,13.93881607055664
random,BDH,186,14.708540916442871
random,Transformer,186,14.326264381408691
random,BDH,187,13.87039852142334
random,Transformer,187,13.637962341308594
random,BDH,188,14.754716873168945
random,Transformer,188,14.052867889404297
random,BDH,189,14.775975227355957
random,Transformer,189,14.006818771362305
random,BDH,190,14.702980041503906
random,Transformer,190,14.061834335327148
random,BDH,191,14.541435241699219
random,Transformer,191,14.107279777526855
random,BDH,192,14.288839340209961
random,Transformer,192,13.757834434509277
random,BDH,193,14.410205841064453
random,Transformer,193,13.815505981445312
random,BDH,194,14.770956039428711
random,Transformer,194,13.694906234741211
random,BDH,195,14.360546112060547
random,Transformer,195,14.295833587646484
random,BDH,196,14.855287551879883
random,Transformer,196,14.073365211486816
random,BDH,197,14.732217788696289
random,Transformer,197,14.011333465576172
random,BDH,198,14.680036544799805
random,Transformer,198,13.747907638549805
random,BDH,199,14.748382568359375
random,Transformer,199,14.167991638183594
random,BDH,200,14.382911682128906
random,Transformer,200,13.93790054321289
random,BDH,201,14.769559860229492
random,Transformer,201,13.695804595947266
random,BDH,202,14.508198738098145
random,Transformer,202,13.544057846069336
random,BDH,203,14.145017623901367
random,Transformer,203,13.545032501220703
random,BDH,204,14.34095573425293
random,Transformer,204,14.000513076782227
random,BDH,205,14.948343276977539
random,Transformer,205,14.003639221191406
random,BDH,206,14.654788970947266
random,Transformer,206,13.708805084228516
random,BDH,207,14.943004608154297
random,Transformer,207,14.352270126342773
random,BDH,208,14.962746620178223
random,Transformer,208,14.441288948059082
random,BDH,209,14.71732234954834
random,Transformer,209,14.066587448120117
random,BDH,210,14.357219696044922
random,Transformer,210,13.67000675201416
random,BDH,211,14.31826400756836
random,Transformer,211,13.911245346069336
random,BDH,212,14.275259971618652
random,Transformer,212,13.287243843078613
random,BDH,213,14.343989372253418
random,Transformer,213,14.108659744262695
random,BDH,214,14.757946014404297
random,Transformer,214,14.053911209106445
random,BDH,215,14.840177536010742
random,Transformer,215,13.797371864318848
random,BDH,216,14.328514099121094
random,Transformer,216,13.462854385375977
random,BDH,217,14.886512756347656
random,Transformer,217,14.270989418029785
random,BDH,218,14.73736572265625
random,Transformer,218,14.21771240234375
random,BDH,219,14.340740203857422
random,Transformer,219,14.06757926940918
random,BDH,220,14.11318588256836
random,Transformer,220,13.721512794494629
random,BDH,221,14.049562454223633
random,Transformer,221,13.624872207641602
random,BDH,222,14.794403076171875
random,Transformer,222,14.134990692138672
random,BDH,223,14.977313995361328
random,Transformer,223,14.388033866882324
random,BDH,224,14.430843353271484
random,Transformer,224,14.123083114624023
random,BDH,225,14.488059043884277
random,Transformer,225,13.640315055847168
random,BDH,226,14.227996826171875
random,Transformer,226,13.791912078857422
random,BDH,227,14.839720726013184
random,Transformer,227,14.559930801391602
random,BDH,228,14.692721366882324
random,Transformer,228,14.238398551940918
random,BDH,229,14.2002534866333
random,Transformer,229,13.869224548339844
random,BDH,230,15.24551773071289
random,Transformer,230,13.80845832824707
random,BDH,231,14.84146785736084
random,Transformer,231,14.476799011230469
random,BDH,232,14.686592102050781
random,Transformer,232,13.905150413513184
random,BDH,233,14.921717643737793
random,Transformer,233,14.027398109436035
random,BDH,234,14.795336723327637
random,Transformer,234,14.246469497680664
random,BDH,235,14.705684661865234
random,Transformer,235,14.063023567199707
random,BDH,236,14.545085906982422
random,Transformer,236,14.28637409210205
random,BDH,237,14.548628807067871
random,Transformer,237,13.838685989379883
random,BDH,238,14.300561904907227
random,Transformer,238,13.882349967956543
random,BDH,239,14.700756072998047
random,Transformer,239,13.958174705505371
random,BDH,240,14.46053695678711
random,Transformer,240,14.059366226196289
random,BDH,241,14.714784622192383
random,Transformer,241,14.04141616821289
random,BDH,242,14.7998628616333
random,Transformer,242,14.129584312438965
random,BDH,243,14.33596420288086
random,Transformer,243,13.681756973266602
random,BDH,244,14.38882827758789
random,Transformer,244,13.897167205810547
random,BDH,245,14.45106315612793
random,Transformer,245,13.986531257629395
random,BDH,246,14.906343460083008
random,Transformer,246,13.951386451721191
random,BDH,247,14.429624557495117
random,Transformer,247,13.723011016845703
random,BDH,248,14.43159294128418
random,Transformer,248,14.195947647094727
random,BDH,249,14.13998794555664
random,Transformer,249,14.153825759887695
random,BDH,250,14.286760330200195
random,Transformer,250,13.604700088500977
random,BDH,251,14.618823051452637
random,Transformer,251,13.479963302612305
random,BDH,252,15.018112182617188
random,Transformer,252,14.358389854431152
random,BDH,253,14.524762153625488
random,Transformer,253,13.920513153076172
random,BDH,254,14.120805740356445
random,Transformer,254,13.330214500427246
random,BDH,255,15.385419845581055
random,Transformer,255,13.923882484436035
copy_gap20,BDH,20,12.683427810668945
copy_gap20,Transformer,20,12.956881523132324
copy_gap50,BDH,50,12.681816101074219
copy_gap50,Transformer,50,12.88630199432373
copy_gap100,BDH,100,12.7556734085083
copy_gap100,Transformer,100,12.91430377960205
copy_gap150,BDH,150,12.77934455871582
copy_gap150,Transformer,150,12.848719596862793
loss_ratio,BDH,0,0.9643919275992263
loss_ratio,Transformer,0,0.9323245172151441
